Name,Plasmid_BC_Seq,IDT_Fail,Colour_Lib
Ornithorhynchus_anatinus_RNU6-8_ENSOANG00000044374,AACGA,PASS,Div
Weissman_sU6-1,AACTA,PASS,Div
Callorhinchus_milii_RNU6-8_ENSCMIG00000009578,AAGAA,PASS,Div
Panthera_pardus_RNU6-9_ENSPPRG00000018146,AAGTA,PASS,Div
Salmo_salar_RNU6-8_ENSSSAG00000015687,AAGTG,PASS,Div
Amazona_collaria_RNU6-8_ENSACOG00000009282,AATTG,PASS,Div
Rattus_norvegicus_RNU6-9_ENSRNOG00000059030,ACAAT,PASS,Div
Panthera_pardus_RNU6-9_ENSPPRG00000016587,ACACC,PASS,Div
Cairina_moschata_domestica_RNU6-8_ENSCMMG00000005141,ACACG,PASS,Div
Podarcis_muralis_RNU6-8_ENSPMRG00000020949,ACCAT,PASS,Div
Erpetoichthys_calabaricus_RNU6-9_ENSECRG00000000569,ACCCG,PASS,Div
Lynx_canadensis_RNU6-9_ENSLCNG00005013388,ACGCC,PASS,Div
Papio_anubis_RNU6-9_ENSPANG00000032941,ACTGT,PASS,Div
Danio_rerio_RNU6-8_ENSDARG00000091605,AGAAA,PASS,Div
Camelus_dromedarius_U6_ENSCDRG00005003424,AGCAA,PASS,Div
Bos_grunniens_U6-2_ENSBGRG00000007371,AGCAG,PASS,Div
Rattus_norvegicus_RNU6-8_ENSRNOG00000052473,AGCGC,PASS,Div
Physeter_catodon_RNU6-9_ENSPCTG00005021670,AGCTG,PASS,Div
Rhinolophus_ferrumequinum_RNU6-9_ENSRFEG00010006397,AGTAT,PASS,Div
Salvator_merianae_RNU6-8_ENSSMRG00000000588,AGTCG,PASS,Div
Papio_anubis_U6_ENSPANG00000031022,AGTGA,PASS,Div
Esox_lucius_RNU6-8_ENSELUG00000025124,AGTGC,PASS,Div
Capra_hircus_RNU6-9_ENSCHIG00000006050,ATATA,PASS,Div
Lynx_canadensis_RNU6-9_ENSLCNG00005017047,ATATG,PASS,Div
Rhinolophus_ferrumequinum_ENSRFEG00010003483,ATCTG,PASS,Div
Podarcis_muralis_RNU6-8_ENSPMRG00000023411,ATGGA,PASS,Div
Cavia_porcellus_RNU6-8_ENSCPOG00000037344,ATGTA,PASS,Div
Phocoena_sinus_U6_ENSPSNG00000016082,ATGTG,PASS,Div
Panthera_leo_RNU6-9_ENSPLOG00000018148,ATTGA,PASS,Div
Dipodomys_ordii_RNU6-8_ENSDORG00000027479,CCAGT,PASS,Div
Latimeria_chalumnae_RNU6-8_ENSLACG00000021680,CCATT,PASS,Div
Balaenoptera_musculus_RNU6-9_ENSBMSG00010018879,CCCAT,PASS,Div
Nomascus_leucogenys_U6_ENSNLEG00000029709,CCGTC,PASS,Div
Callorhinchus_milii_RNU6-8_ENSCMIG00000009541,CCTAT,FAIL,Div
Clupea_harengus_RNU6-8_ENSCHAG00000005131,CGATA,PASS,Div
Rhinolophus_ferrumequinum_RNU6-2_ENSRFEG00010005089,CGCCC,PASS,Div
Bos_grunniens_U6_ENSBGRG00000005310,CGCTG,PASS,Div
Bos_indicus_x_Bos_taurus_RNU6-9_ENSBIXG00000026637,CGGAC,PASS,Div
Mus_musculus_U6_ENSMUSG00000094201,CGGGG,FAIL,Div
Canis_lupus_familiaris_RNU6-9_ENSCAFG00040017513,CGGTC,PASS,Div
Scleropages_formosus_RNU6-8_ENSSFOG00015026611,CGTCA,PASS,Div
Echinops_telfairi_RNU6-8_ENSETEG00000021251,CGTCG,PASS,Div
Salmo_salar_RNU6-8_ENSSSAG00000001052,CGTTA,PASS,Div
Phocoena_sinus_U6_ENSPSNG00000017285,CTGGA,PASS,Div
Anolis_carolinensis_RNU6-9_ENSACAG00000019134,CTTGA,PASS,Div
Weissman_bU6-2,GACTA,PASS,Div
Sorex_araneus_RNU6-8_ENSSARG00000014692,GATGC,PASS,Div
Microtus_ochrogaster_RNU6-9_ENSMOCG00000005016,GATTA,PASS,Div
Equus_caballus_RNU6-2_ENSECAG00000039713,GCAAT,PASS,Div
Weissman_mU6,GCCAA,PASS,Div
Camarhynchus_parvulus_RNU6-2_ENSCPVG00000016608,GCCAG,PASS,Div
Phocoena_sinus_RNU6-9_ENSPSNG00000019978,GCCCA,PASS,Div
Cervus_hanglu_yarkandensis_RNU6-2_ENSCHYG00000001013,GCCGA,PASS,Div
Podarcis_muralis_RNU6-8_ENSPMRG00000023412,GCGCT,PASS,Div
Salvator_merianae_RNU6-8_ENSSMRG00000013204,GCGTT,PASS,Div
Ovis_aries_RNU6-9_ENSOARG00000021608,GGGCG,PASS,Div
Ornithorhynchus_anatinus_RNu6-2_ENSOANG00000045249,GGGGA,PASS,Div
Microtus_ochrogaster_RNU6-8_ENSMOCG00000005197,GGTAA,PASS,Div
Human_Weissman_RNU6-1,GGTTG,PASS,RNU6-1
Microcebus_murinus_RNU6-8_ENSMICG00000048121,GTGCG,PASS,Div
Numida_meleagris_RNU6-2_ENSNMEG00000003235,TCCTG,PASS,Div
Felis_catus_RNU6-9_ENSFCAG00000040245,TCGAA,PASS,Div
Bos_grunniens_RNU6-9_ENSBGRG00000008949,TCGAG,PASS,Div
Taeniopygia_guttata_RNU6-2_ENSTGUG00000029504,TCGCC,PASS,Div
Microcebus_murinus_RNU6-9_ENSMICG00000046889,TTGCG,PASS,Div
Chelydra_serpentina_RNU6-2_ENSCSRG00000002895,AACCA,PASS,Div
Jaculus_jaculus_RNU6-8_ENSJJAG00000003449,AACTG,PASS,Div
Mus_musculus_RNU6-8_ENSMUSG00000064489,AAGAT,PASS,Div
Sorex_araneus_RNU6-8_ENSSARG00000015849,AAGCC,PASS,Div
Dasypus_novemcinctus_RNU6-8_ENSDNOG00000039234,AATAC,PASS,Div
Junco_hyemalis_RNU6-2_ENSJHYG00000011766,ACAGG,PASS,Div
Meleagris_gallopavo_RNU6-2_ENSMGAG00000017138,ACATT,PASS,Div
Myotis_lucifugus_RNU6-8_ENSMLUG00000030711,ACGAT,PASS,Div
Dipodomys_ordii_RNU6-8_ENSDORG00000026904,ACGCT,PASS,Div
Camelus_dromedarius_RNU6-8_ENSCDRG00005015448,ACGTC,PASS,Div
Weissman_sU6-2,ACTAT,PASS,Div
Podarcis_muralis_RNU6-9_ENSPMRG00000006903,ACTCA,PASS,Div
Human_RNU6-8,ACTGA,PASS,Div
Varanus_komodoensis_RNU6-8_ENSVKKG00000007000,AGCCC,PASS,Div
Balaenoptera_musculus_RNU6-9_ENSBMSG00010017245,AGGCA,PASS,Div
Cairina_moschata_domestica_RNU6-8_ENSCMMG00000004654,AGGTA,PASS,Div
Peromyscus_maniculatus_bairdii_RNU6-8_ENSPEMG00000029323,AGGTC,PASS,Div
Delphinapterus_leucas_RNU6-9_ENSDLEG00000012088,AGTCA,PASS,Div
Ochotona_princeps_RNU6-8_ENSOPRG00000020494,CCAGC,PASS,Div
Human_RNU6-9,CCCTA,PASS,Div
Peromyscus_maniculatus_bairdii_RNU6-8_ENSPEMG00000030233,CCGGG,PASS,Div
Erinaceus_europaeus_RNU6-8_ENSEEUG00000018029,CCTGA,PASS,Div
Equus_caballus_RNU6-8_ENSECAG00000038440,CCTTA,PASS,Div
Rhinolophus_ferrumequinum_RNU6-8_ENSRFEG00010002133,CGAAG,PASS,Div
Cairina_moschata_domestica_RNU6-2_ENSCMMG00000009434,CGCTA,PASS,Div
Human_RNU6-2,CGGCT,PASS,Div
Bos_taurus_RNU6-2_ENSBTAG00000048454,CGTAC,PASS,Div
Weissman_pU6,CGTTG,PASS,Div
Phasianus_colchicus_RNU6-2_ENSPCLG00000012535,CTGAT,PASS,Div
Canis_lupus_dingo_RNU6-8_ENSCAFG00020008041,GATAC,PASS,Div
Ursus_thibetanus_thibetanus_RNU6-8_ENSUTTG00000011871,GATTG,PASS,Div
Manacus_vitellinus_RNu6-2_ENSMVIG00005019009,GCAGC,PASS,Div
Gopherus_evgoodei_RNU6-8_ENSGEVG00005009895,GCCAC,PASS,Div
Tupaia_belangeri_RNU6-8_ENSTBEG00000018722,AGCCA,FAIL,Div
Xenopus_tropicalis_RNU6-8_ENSXETG00000040183,CGGAA,FAIL,Div
Terrapene_carolina_triunguis_RNU6-8_ENSTMTG00000016059,GCACA,FAIL,Div
SynU61-1,CCCCA,PASS,Syn
SynU61-2,AGTTA,PASS,Syn
SynU61-3,CCGTT,PASS,Syn
SynU61-4,ATGCG,PASS,Syn
SynU61-5,AGGAG,PASS,Syn
SynU61-6,AGGGC,PASS,Syn
SynU61-7,CCTTT,PASS,Syn
SynU61-8,GCTCG,PASS,Syn
SynU61-9,TCATG,PASS,Syn
SynU61-10,CCAGG,PASS,Syn
SynU61-11,GAACC,PASS,Syn
SynU61-12,TCATA,PASS,Syn
SynU61-13,CAGTG,PASS,Syn
SynU61-14,GAACG,PASS,Syn
SynU61-15,GTGTA,PASS,Syn
SynU61-16,ACGCA,PASS,Syn
SynU61-17,AAATG,PASS,Syn
SynU61-18,CCTGG,PASS,Syn
SynU61-19,GCTTA,PASS,Syn
SynU61-20,GAAAG,PASS,Syn
SynU61-21,ACACT,PASS,Syn
SynU61-22,AAGCG,PASS,Syn
SynU61-23,AGCCG,PASS,Syn
SynU61-24,CCGGT,PASS,Syn
SynU61-25,CTATG,PASS,Syn
SynU61-26,CCTAG,PASS,Syn
SynU61-28,AGCTA,PASS,Syn
SynU61-29,ACCGA,PASS,Syn
SynU61-30,ATGAA,PASS,Syn
SynU61-31,AGATA,PASS,Syn
SynU61-32,AGCGA,PASS,Syn
SynU61-33,GCTAC,PASS,Syn
SynU61-34,GAGCG,PASS,Syn
SynU61-35,ATTAC,PASS,Syn
SynU61-36,GCAAC,PASS,Syn
SynU61-37,AGGAT,PASS,Syn
SynU61-38,GCTTG,PASS,Syn
SynU61-39,GCCTA,PASS,Syn
SynU61-40,CAGTA,PASS,Syn
SynU61-41,CTGCG,PASS,Syn
SynU61-42,GAGCC,PASS,Syn
SynU61-43,ACTTA,FAIL,Syn
SynU61-44,AGTCT,PASS,Syn
SynU61-45,CGATG,PASS,Syn
SynU61-47,ATAGA,PASS,Syn
SynU61-48,TAGCC,PASS,Syn
SynU61-49,CTATA,PASS,Syn
SynU61-50,AGTAC,PASS,Syn
SynU61-51,AGTCC,PASS,Syn
SynU61-52,AGACC,PASS,Syn
SynU6_VSPH-53,AGGGG,PASS,Syn
SynU6_VSPH-54,AGTAG,PASS,Syn
SynU6_VSPH-56,CCCCG,PASS,Syn
SynU6_VSPH-57,GGGTG,PASS,Syn
SynU6_VSPH-58,AAGAC,PASS,Syn
SynU6_VSPH-59,CGAAC,PASS,Syn
SynU6_VSPH-60,GCTAA,PASS,Syn
SynU6_VSPH-61,ACTAC,PASS,Syn
SynU6_VSPH-62,ACCAC,PASS,Syn
SynU6_VSPH-63,GGGCC,PASS,Syn
SynU6_VSPH-64,ACCTA,PASS,Syn
SynU6_VSPH-65,CCCGA,PASS,Syn
SynU6_VSPH-66,CCACA,PASS,Syn
SynU6_VSPH-67,GTGTG,PASS,Syn
SynU6_VSPH-68,ACTAG,PASS,Syn
SynU6_VSPH-69,CCACC,PASS,Syn
SynU6_VSPH-70,CGCAG,PASS,Syn
SynU6_VSPH-71,TCGTG,PASS,Syn
SynU6_VSPH-72,GGGAC,PASS,Syn
SynU6_VSPH-73,CCCCC,PASS,Syn
SynU6_VSPH-74,CCCAG,PASS,Syn
SynU6_VSPH-75,GGCTG,PASS,Syn
SynU6_VSPH-76,AATGA,PASS,Syn
SynU6_VSPH-77,ACGAG,PASS,Syn
SynU6_VSPH-78,CCGCC,PASS,Syn
SynU6_VSPH-79,GGCTA,PASS,Syn
SynU6_VSPH-80,CTGAC,PASS,Syn
SynU6_VSPH-81,GGGAA,PASS,Syn
SynU6_VSPH-82,GGGAT,PASS,Syn
SynU61_3BP_Spacer-83,GCGAG,PASS,Syn
SynU61_3BP_Spacer-84,ACTTG,PASS,Syn
SynU61_3BP_Spacer-85,CGCAC,PASS,Syn
SynU61_3BP_Spacer-87,AGGGA,PASS,Syn
SynU61_3BP_Spacer-88,ACTCG,PASS,Syn
SynU61_3BP_Spacer-89,GCGTC,PASS,Syn
SynU61_3BP_Spacer-90,GGATG,PASS,Syn
SynU61_3BP_Spacer-91,AACCG,PASS,Syn
SynU61_3BP_Spacer-92,GCAGA,PASS,Syn
SynU61_3BP_Spacer-93,CTGTA,PASS,Syn
SynU61_3BP_Spacer-94,GCAAA,PASS,Syn
SynU61_3BP_Spacer-95,GCGTA,PASS,Syn
SynU61_3BP_Spacer-96,AAGCA,PASS,Syn
SynU61_3BP_Spacer-97,GCGAT,PASS,Syn
SynU61_3BP_Spacer-98,CCCAC,PASS,Syn
SynU61_3BP_Spacer-99,CTGAA,PASS,Syn
SynU61_3BP_Spacer-100,GCCCG,PASS,Syn
SynU61_3BP_Spacer-101,GCACC,PASS,Syn
SynU61_3BP_Spacer-102,GCAAG,PASS,Syn
SynU61_3BP_Spacer-103,ACGGC,PASS,Syn
SynU61_3BP_Spacer-104,ACCCC,PASS,Syn
SynU61_3BP_Spacer-105,GGATA,PASS,Syn
SynU61_3BP_Spacer-106,GGTCG,PASS,Syn
SynU61_3BP_Spacer-107,GGAAA,PASS,Syn
SynU61_3BP_Spacer-108,ACGAC,PASS,Syn
SynU61_3BP_Spacer-109,ACAGA,PASS,Syn
SynU61_3BP_Spacer-110,ACGTT,PASS,Syn
SynU61_3BP_Spacer-111,GGAAC,PASS,Syn
SynU61_3BP_Spacer-112,GCGGT,PASS,Syn
SynU61_3BP_Spacer-86,CGCCA,PASS,Syn
SynU61-27,AACAA,PASS,Syn
SynU61-46,GCTCA,PASS,Syn
SynU6_VSPH-55,ACCCA,FAIL,Syn